clade,parent,date,n_new_spike_muts,spike_new_muts,nonspike_new_muts,growth_rate,n_sequences,parent_growth_rate,parent_n_sequences,change_in_growth_rate,sera escape,ACE2 binding,cell entry
BA.2.2,BA.2,2022-02-25,1,I1221T,ORF1a:T1543I; ORF1a:L3201F; ORF1a:T4087I,-69.509,8039,-73.186,1095153,3.6772,-0.001039,0.01643,-0.09462
BA.2.3.1,BA.2.3,2022-04-01,1,Q677E,,-73.753,11742,-73.714,95737,-0.039841,0.04774,-0.07458,-0.127
BA.2.3.4,BA.2.3,2022-04-20,1,N641S,,-73.965,1005,-73.714,95737,-0.25141,-0.06135,0.1942,-0.07065
BA.2.3.6,BA.2.3,2022-05-31,1,S255F,,-65.935,1297,-73.714,95737,7.7789,-0.02129,-0.08715,0.07493
BA.2.3.7,BA.2.3,2022-06-04,1,K97E,N:M322I; ORF1a:L631F,-66.306,2117,-73.714,95737,7.408,-0.007965,-0.101,0.0788
BA.2.3.15,BA.2.3,2022-06-10,1,D215E,,-70.502,1551,-73.714,95737,3.212,-0.07599,0.02652,0.03721
CM.10,BA.2.3.20,2023-01-07,2,K478T; V445A,,14.352,248,-7.9864,3994,22.339,0.28326,-0.59882,-0.15654
BA.2.9.1,BA.2.9,2022-04-08,1,L452M,N:P67S; N:S412I; ORF1a:K322R,-61.155,763,-72.637,193180,11.482,-0.1193,0.006477,-0.148
BA.2.9.3,BA.2.9,2022-05-31,1,W64R,,-58.267,3689,-72.637,193180,14.37,-0.08052,0.1161,0.04233
BA.2.9.4,BA.2.9,2022-06-02,1,R346T,ORF7a:L5F,-61.77,735,-72.637,193180,10.867,0.5182,-0.06408,0.08635
BA.2.9.6,BA.2.9,2022-08-08,1,L452M,ORF1a:V627F; ORF1a:P1640S,-55.368,447,-72.637,193180,17.269,-0.1193,0.006477,-0.148
BA.2.9.7,BA.2.9,2022-11-01,1,S730F,ORF6:L61P; ORF1a:H1113Y; ORF1b:Q1393R; ORF9b:P51L,-56.378,1612,-72.637,193180,16.258,-0.06079,-0.2268,0.05708
BA.2.10.1,BA.2.10,2022-04-04,1,G798D,,-77.28,7867,-80.312,53449,3.0323,-0.009747,-0.1362,0.09118
BA.2.11,BA.2,2022-04-06,1,L452R,ORF1a:S2519P; ORF1a:L3201F,-64.216,1007,-73.186,1095153,8.9707,0.1816,0.1571,0.1286
BA.2.12,BA.2,2022-04-06,1,S704L,ORF1a:L3201F,-61.137,256,-73.186,1095153,12.049,-0.05457,0.2691,0.07445
BA.2.12.1,BA.2.12,2022-04-06,1,L452Q,,-54.831,243319,-61.137,256,6.3064,0.2096,0.197,-0.1389
BA.2.12.2,BA.2.12,2022-06-11,1,R357K,ORF7a:Q62R,-64.002,1372,-61.137,256,-2.8643,-0.159,0.127,-0.02747
BA.2.13,BA.2,2022-04-08,1,L452M,ORF1a:L3201F,-56.663,4445,-73.186,1095153,16.523,-0.1193,0.006477,-0.148
BA.2.13.1,BA.2.13,2022-07-12,1,T941S,ORF9b:A75V,-45.767,1113,-56.663,4445,10.896,-0.01727,-0.07001,0.0871
BA.2.14,BA.2,2022-04-14,1,W64L,ORF1a:L3201F,-66.855,1585,-73.186,1095153,6.3314,-0.02254,0.006866,0.00675
BA.2.15,BA.2,2022-04-14,1,W64L,ORF1a:T3150I,-65.707,262,-73.186,1095153,7.4793,-0.02254,0.006866,0.00675
BA.2.18,BA.2,2022-04-19,1,N417T,ORF1a:L3201F,-56.966,11865,-73.186,1095153,16.22,-0.2398,0.3772,0.004675
BA.2.20,BA.2,2022-04-19,1,N148T,N:D348H; ORF1a:L3201F; ORF9b:T72I,-70.372,1558,-73.186,1095153,2.8138,-0.05211,0.07005,0.007075
BA.2.22,BA.2,2022-04-19,1,F186S,ORF1a:L3201F; ORF1a:Q3966H,-72.508,7104,-73.186,1095153,0.6778,0.02525,0.06059,-0.01184
BA.2.24,BA.2,2022-04-19,1,D339N,ORF1a:L3201F,-69.555,8445,-73.186,1095153,3.6313,-0.26335,0.4119,-0.019209999999999998
BA.2.31.1,BA.2.31,2022-09-19,1,I68T,,-57.58,276,-72.472,2662,14.892,0.01812,-0.1148,0.03674
BA.2.35,BA.2,2022-04-29,1,L452R,N:L221F; ORF1a:L3201F,-56.269,491,-73.186,1095153,16.918,0.1816,0.1571,0.1286
BA.2.36,BA.2,2022-05-01,1,I68T,ORF1a:L3201F,-60.905,9589,-73.186,1095153,12.282,0.01812,-0.1148,0.03674
BA.2.38,BA.2,2022-05-06,1,N417T,ORF1a:L3201F,-55.311,5662,-73.186,1095153,17.876,-0.2398,0.3772,0.004675
BA.2.38.2,BA.2.38,2022-07-24,2,F157S; K444N,ORF1a:T1543I; ORF1a:N3725S; ORF1a:T4355I,-31.411,516,-55.311,5662,23.9,0.030719000000000003,-0.045259999999999995,-0.05348
BA.2.39,BA.2,2022-05-08,1,L858I,ORF1a:L3201F; ORF1b:E735D; ORF1b:V2237F; ORF1b:S2294G,-66.979,647,-73.186,1095153,6.2077,-0.01156,-0.4747,0.158
BA.2.40.1,BA.2.40,2022-05-10,1,N417T,,-54.066,2516,-78.73,978,24.663,-0.2398,0.3772,0.004675
BA.2.41,BA.2,2022-05-11,1,T1231S,ORF1a:L3201F,-63.111,1461,-73.186,1095153,10.076,-0.003751,-0.1046,0.04867
BA.2.42,BA.2,2022-05-18,1,I68T,N:E378D; ORF1a:L3201F,-58.988,1325,-73.186,1095153,14.198,0.01812,-0.1148,0.03674
BA.2.43,BA.2,2022-05-19,2,F371Y; E1202Q,ORF1a:Q768R; ORF1a:L3201F,-61.509,499,-73.186,1095153,11.677,0.38136400000000004,-0.001909999999999995,0.13026
BA.2.44,BA.2,2022-05-21,1,F371Y,ORF1a:L3201F,-56.475,976,-73.186,1095153,16.711,0.3794,-0.1011,0.01456
BA.2.45,BA.2,2022-05-23,1,Y449H,ORF1a:L3201F,-67.867,1032,-73.186,1095153,5.3197,0.03425,-1.019,0.00888
BA.2.50,BA.2,2022-06-04,1,L212S,ORF1a:L3201F,-61.605,727,-73.186,1095153,11.581,-0.06031,-0.09659,0.08425
BA.2.51,BA.2,2022-06-04,1,T747I,ORF1a:L3201F,-72.368,528,-73.186,1095153,0.81849,0.008167,-0.004345,0.004016
BA.2.53,BA.2,2022-06-05,1,Y449N,N:T135I; ORF1a:L3201F,-56.765,542,-73.186,1095153,16.421,-0.07774,-1.393,-0.02998
BA.2.55,BA.2,2022-06-06,2,I68T; T941S,ORF1a:L3201F,-58.502,253,-73.186,1095153,14.685,0.0008500000000000001,-0.18481,0.12384
BA.2.56,BA.2,2022-06-08,1,L452M,ORF1a:L3201F,-54.067,6090,-73.186,1095153,19.119,-0.1193,0.006477,-0.148
BA.2.59,BA.2,2022-06-09,1,D1153Y,N:D22G; ORF1a:L3201F; ORF9b:I19V,-62.675,355,-73.186,1095153,10.511,0.004305,0.1525,-0.0632
BA.2.60,BA.2,2022-06-10,2,V1129I; P1162S,ORF1a:T551S; ORF1a:P1497S; ORF1a:L3201F,-69.062,214,-73.186,1095153,4.1242,-0.033079,0.4283,0.01278
BA.2.61,BA.2,2022-06-10,1,W64R,ORF1a:L3201F,-51.302,478,-73.186,1095153,21.885,-0.08052,0.1161,0.04233
BA.2.71,BA.2,2022-06-12,1,W64R,ORF1a:L3201F,-55.54,772,-73.186,1095153,17.646,-0.08052,0.1161,0.04233
BA.2.72,BA.2,2022-06-12,1,L212S,ORF1a:L3201F,-61.708,949,-73.186,1095153,11.478,-0.06031,-0.09659,0.08425
BA.2.73,BA.2,2022-06-13,1,G257S,ORF1a:P2287S; ORF1a:L3201F,-66.977,511,-73.186,1095153,6.2089,-0.03566,0.1372,-0.0933
BA.2.74,BA.2,2022-06-23,2,R346T; L452M,ORF1a:L3201F; ORF3a:P240S,-40.921,1523,-73.186,1095153,32.265,0.3989,-0.057603,-0.061649999999999996
BA.2.75.1,BA.2.75,2022-08-03,1,D574V,,-19.209,2327,-25.864,2790,6.6542,0.2318,-0.6572,0.09856
BL.1,BA.2.75.1,2022-08-21,1,R346T,,-12.728,1712,-19.209,2327,6.4809,0.5182,-0.06408,0.08635
BL.2,BA.2.75.1,2022-09-03,1,R346T,,-13.595,501,-19.209,2327,5.614,0.5182,-0.06408,0.08635
BL.6,BA.2.75.1,2023-01-07,2,R346T; V445A,ORF1a:L1130F,-5.8142,246,-19.209,2327,13.395,0.74118,-0.7059300000000001,-0.03998
BA.2.75.2,BA.2.75,2022-08-19,3,R346T; F486S; D1199N,,-12.529,4509,-25.864,2790,13.335,1.5330439999999999,-1.3060599999999998,0.010009999999999991
CA.1,BA.2.75.2,2022-09-21,2,L452R; T604I,ORF1a:S887F; ORF1a:S2024L; ORF3a:G44R,-11.113,350,-12.529,4509,1.4156,0.11566000000000001,0.25656999999999996,0.19322
CA.3.1,CA.3,2022-11-03,2,K444M; L452R,,5.769,384,-13.121,212,18.89,0.33840000000000003,0.12164999999999998,0.16069999999999998
CA.5,BA.2.75.2,2022-10-15,2,A260D; Q613H,,-7.625,213,-12.529,4509,4.9037,0.007609999999999999,-0.505,0.0925
CA.7,BA.2.75.2,2022-10-24,1,L452R,ORF1a:L3776I,1.8789,694,-12.529,4509,14.408,0.1816,0.1571,0.1286
BM.1.1.1,BM.1.1,2022-09-18,1,F490S,,-14.605,256,-12.368,824,-2.2375,0.1984,-0.3511,0.03862
CV.1,BM.1.1.3,2022-10-23,1,L452R,ORF1a:V1550A,0.021158,549,-10.126,2295,10.147,0.1816,0.1571,0.1286
CH.1.1.1,CH.1.1,2022-11-29,1,N185D,ORF1a:A427V; ORF1b:K2140R,16.685,5345,12.053,17426,4.6321,0.01641,0.009138,0.04636
DV.5,CH.1.1.1,2023-03-20,1,Q613H,ORF1a:R24C; ORF3a:A110V,28.564,213,16.685,5345,11.879,-0.01907,-0.4249,0.1315
DV.6.2,DV.6,2023-06-10,1,Q613H,ORF1b:T1522I,38.018,335,17.622,3581,20.396,-0.01907,-0.4249,0.1315
DV.7,CH.1.1.1,2023-06-10,1,L858I,ORF1a:A3548V; ORF3a:A110V,32.428,218,16.685,5345,15.743,-0.01156,-0.4747,0.158
DV.7.1,DV.7,2023-06-26,2,L455F; F456L,ORF1b:A520V; ORF3a:A72T,59.427,950,32.428,218,26.999,0.3517,-1.2607,0.09792000000000001
DV.8,CH.1.1.1,2023-06-10,1,Q613H,ORF3a:A110V,30.467,282,16.685,5345,13.782,-0.01907,-0.4249,0.1315
CH.1.1.2,CH.1.1,2022-11-29,1,T883I,ORF1a:Y1846C; ORF1a:G2294S,14.744,2086,12.053,17426,2.6908,0.07632,-0.1625,-0.1008
CH.1.1.3,CH.1.1,2022-12-15,1,S255P,,11.135,680,12.053,17426,-0.91761,-0.04874,-0.01953,0.04394
CH.1.1.6,CH.1.1,2023-01-28,1,T732I,ORF1a:K338R; ORF1a:P1786L,17.213,477,12.053,17426,5.1602,-0.1187,0.3729,0.06165
CH.1.1.8,CH.1.1,2023-01-28,1,A846V,,15.638,317,12.053,17426,3.5853,-0.0712,0.2363,-0.1684
CH.1.1.9,CH.1.1,2023-01-28,1,I1232V,ORF8:S67F,11.356,293,12.053,17426,-0.69731,-0.001652,-0.1576,0.1137
CH.1.1.12,CH.1.1,2023-02-19,1,L858I,ORF1a:M85V; ORF1a:A486V; ORF1a:G82-; ORF1a:H83-; ORF1a:V84-,23.334,616,12.053,17426,11.281,-0.01156,-0.4747,0.158
CH.1.1.15,CH.1.1,2023-03-09,1,K182N,,21.29,493,12.053,17426,9.2367,-0.0323,-0.02203,0.08785
CH.1.1.16,CH.1.1,2023-03-20,1,Q613H,ORF3a:S26L,25.701,348,12.053,17426,13.648,-0.01907,-0.4249,0.1315
CH.1.1.18,CH.1.1,2023-03-24,1,K187T,N:A155V; ORF1a:M584V; ORF1a:A1074V,14.3,219,12.053,17426,2.2467,0.01135,0.09802,0.07432
BA.2.75.4,BA.2.75,2022-08-21,1,L452R,,-15.201,238,-25.864,2790,10.663,0.1816,0.1571,0.1286
BR.1,BA.2.75.4,2022-09-03,1,K444M,,-8.0665,677,-15.201,238,7.1342,0.1568,-0.03545,0.0321
BR.1.2,BR.1,2022-10-15,1,F486S,ORF1b:F2380L,-2.4126,261,-8.0665,677,5.6539,1.0231,-1.2807,-0.020600000000000007
BR.3,BA.2.75.4,2022-09-21,1,R346T,ORF1b:T11A,-5.8863,411,-15.201,238,9.3143,0.5182,-0.06408,0.08635
BA.2.75.5,BA.2.75,2022-08-22,1,K356T,,-13.524,1693,-25.864,2790,12.34,0.3649,-0.3785,-0.1362
BN.1,BA.2.75.5,2022-09-02,2,R346T; F490S,,0.33422,5292,-13.524,1693,13.858,0.7166,-0.41518,0.12497
BN.1.1,BN.1,2022-10-13,1,S494P,,-0.66533,873,0.33422,5292,-0.99956,0.1206,0.2635,0.06785
BN.1.1.1,BN.1.1,2022-10-15,1,N185D,,3.5177,745,-0.66533,873,4.183,0.01641,0.009138,0.04636
BN.1.2.1,BN.1.2,2022-10-20,1,T470N,ORF1b:K1671I,4.0122,1194,3.6726,8648,0.33961,0.1538,-0.256,0.08672
FR.1,BN.1.2.3,2023-04-21,1,K187E,N:T366I,23.848,657,5.2638,1896,18.585,-0.01115,0.0211,-0.04007
FR.1.1,FR.1,2023-05-31,1,P82H,ORF1a:L293F,38.972,431,23.848,657,15.124,0.01182,-0.1124,0.09452
DS.2,BN.1.3.1,2023-01-28,1,T572I,ORF1b:H1550Y,9.7562,507,3.2478,4669,6.5085,-0.3201,0.4321,0.1548
BN.1.3.2,BN.1.3,2022-12-21,1,V445A,ORF1a:H110Y; ORF1b:L1783R,6.3832,696,1.6088,13360,4.7743,0.22298,-0.64185,-0.12633
BN.1.3.3,BN.1.3,2022-12-22,1,E147Q,ORF8:K68E; ORF8:G66-; ORF8:S67-,-1.1922,286,1.6088,13360,-2.801,0.03978,0.06400000000000002,-0.08066999999999999
BN.1.4.2,BN.1.4,2023-02-19,1,Q1113K,M:T30I; ORF1a:V3367I; ORF1b:T284I; ORF1b:T2099I; ORF1b:K2557R,12.137,326,1.4659,1834,10.671,0.01776,0.07443,0.01111
BN.1.10,BN.1,2023-01-28,1,Y145H,,3.8078,697,0.33422,5292,3.4736,-0.08488,-0.07198,0.02601
BN.1.11,BN.1,2023-01-28,2,L176F; D936H,ORF1a:L2146F,0.16728,220,0.33422,5292,-0.16695,-0.013700000000000004,0.07166,0.0071299999999999975
BA.2.76,BA.2,2022-07-02,2,Y248N; R346T,ORF1a:L3201F,-37.414,4824,-73.186,1095153,35.772,0.2333,0.07902,0.14432
BA.2.78,BA.2,2022-07-07,1,L452M,ORF1a:L3201F; ORF1a:K3353R,-53.491,226,-73.186,1095153,19.695,-0.1193,0.006477,-0.148
BA.2.81,BA.2,2022-07-09,1,L452M,ORF1a:L3201F; ORF1b:I235T,-52.41,595,-73.186,1095153,20.776,-0.1193,0.006477,-0.148
BA.2.85,BA.2,2022-09-30,1,I651V,ORF1a:L3201F; ORF9b:S50L,-66.132,373,-73.186,1095153,7.0539,-0.01113,0.01686,-0.04797
BA.5.1.3,BA.5.1,2022-06-26,1,V289I,,-26.122,10241,-25.705,205837,-0.41686,-0.09312,-0.07623,-0.2024
BA.5.1.12,BA.5.1,2022-08-22,1,V445A,,-13.893,2554,-25.705,205837,11.812,0.22298,-0.64185,-0.12633
DL.1,BA.5.1.15,2022-12-03,3,K444N; N460K; Q677H,,-3.8888,1950,-26.225,2009,22.336,1.278729,-0.13289499999999999,0.27806
BA.5.1.18,BA.5.1,2022-08-28,1,R346T,ORF1a:H417Y; ORF1b:T310I; ORF1b:A1476S; ORF1b:D1903N; ORF7a:L30H,-12.112,2186,-25.705,205837,13.593,0.5182,-0.06408,0.08635
BA.5.1.20,BA.5.1,2022-09-07,1,R346T,ORF1a:K1407M,-18.843,220,-25.705,205837,6.862,0.5182,-0.06408,0.08635
DE.1,BA.5.1.23,2022-11-05,1,A694V,,-26.716,435,-24.843,14191,-1.873,0.0152,-0.3396,-0.08702
BA.5.1.26,BA.5.1,2022-09-30,1,R346T,ORF3a:R68G,-8.7463,814,-25.705,205837,16.959,0.5182,-0.06408,0.08635
BA.5.1.27,BA.5.1,2022-09-30,1,R346T,ORF1b:N1025S; ORF8:I121-,-6.1892,2231,-25.705,205837,19.516,0.5182,-0.06408,0.08635
BA.5.1.28,BA.5.1,2022-09-30,1,R346T,,-11.425,623,-25.705,205837,14.28,0.5182,-0.06408,0.08635
CL.1.1,CL.1,2023-02-11,1,P1162L,,-0.7368,564,0.37615,2449,-1.1129,-0.02587,0.08266,-0.02189
CL.1.2,CL.1,2023-02-11,1,T883I,,1.1704,296,0.37615,2449,0.79428,0.07632,-0.1625,-0.1008
CL.1.3,CL.1,2023-02-11,1,S71F,,2.4098,253,0.37615,2449,2.0336,0.03009,-0.05131,-0.07629
EQ.1,BA.5.1.33,2023-02-28,1,Q14H,,-6.0468,263,-10.287,1110,4.2397,-0.04945,0.0131,0.08299
BA.5.1.34,BA.5.1,2023-02-11,3,P1162S; K147-; N148-,ORF1a:P626L; ORF1a:G82-; ORF1a:H83-; ORF1a:V84-; ORF1a:M85-,1.5723,1422,-25.705,205837,27.277,-0.0758064,0.12340999999999999,0.016319999999999994
EB.1,BA.5.1.35,2023-02-11,1,R346T,ORF9b:T83I,-4.3,238,-26.929,1643,22.629,0.5182,-0.06408,0.08635
BF.3,BA.5.2.1,2022-06-24,2,T547I; A1020S,,-27.713,547,-23.001,262683,-4.7121,0.038073499999999996,-0.256772,-0.032805
BF.3.1,BF.3,2022-07-27,1,G446S,,-25.505,1286,-27.713,547,2.2086,0.2254,0.2288,0.1803
BF.4,BA.5.2.1,2022-06-25,1,T259A,,-25.015,3758,-23.001,262683,-2.0136,-0.03583,0.07102,-0.06389
BF.5,BA.5.2.1,2022-07-01,1,A1020S,ORF7a:H47Y,-19.419,81280,-23.001,262683,3.5824,-1.65e-05,-0.007372,-0.006085
BF.5.2,BF.5,2022-12-27,1,V445A,ORF1a:I2873V; ORF9b:K40R,-8.1972,212,-19.419,81280,11.221,0.22298,-0.64185,-0.12633
BF.5.5,BF.5,2023-03-24,1,K147N,ORF9b:K40R,-17.542,297,-19.419,81280,1.8767,0.03656,-0.008214,0.03312
BF.6,BA.5.2.1,2022-07-14,1,G181A,,-24.116,1620,-23.001,262683,-1.1148,-0.1198,0.1037,0.05609
BF.7,BA.5.2.1,2022-07-16,1,R346T,N:-33F; ORF9b:-29I; ORF9b:V30L; N:G30-; ORF9b:M26-,-10.073,45013,-23.001,262683,12.928,0.5182,-0.06408,0.08635
BF.7.1,BF.7,2022-10-05,1,G261V,,-10.33,602,-10.073,45013,-0.2568,-0.05882,0.2426,0.09062
BF.7.3,BF.7,2022-10-14,1,K182E,,-6.4319,370,-10.073,45013,3.6409,-0.01139,-0.1553,0.04154
BF.7.4.3,BF.7.4,2023-03-10,1,F157L,N:A90S; ORF1a:I473T; ORF7a:H47N; ORF9b:E86D,-1.702,437,-10.131,5330,8.4291,0.04657,0.2894,-0.107
BF.7.7,BF.7,2022-10-16,1,D80G,,-8.1184,965,-10.073,45013,1.9545,0.01606,-0.005629,-0.04521
BF.7.8,BF.7,2022-10-16,1,T883I,,-10.063,664,-10.073,45013,0.01029,0.07632,-0.1625,-0.1008
BF.7.10,BF.7,2022-10-16,1,Q1201K,,-7.6958,312,-10.073,45013,2.377,0.008021,-0.1615,0.002765
BF.7.12,BF.7,2022-10-16,1,A942S,,-7.8725,296,-10.073,45013,2.2004,-0.02566,-0.03465,0.00159
BF.7.14,BF.7,2023-01-06,1,C1243F,ORF1a:V274L; ORF1b:L238F; ORF7a:H47Y,2.7226,4935,-10.073,45013,12.795,-0.002163,-0.2329,-0.1764
BF.7.15,BF.7,2023-01-09,1,G257D,ORF1a:A1812V,1.9789,4010,-10.073,45013,12.052,0.09839,-0.01394,-0.055
BF.7.18,BF.7,2023-02-11,1,K97N,,-5.0124,267,-10.073,45013,5.0605,0.05729,-0.08644,0.03546
BF.11,BA.5.2.1,2022-07-25,1,R346T,,-9.6687,8538,-23.001,262683,13.332,0.5182,-0.06408,0.08635
BF.11.1,BF.11,2022-10-16,1,S1252F,,-11.449,1026,-9.6687,8538,-1.7802,-0.006158,-0.01228,0.1007
BF.11.2,BF.11,2022-10-16,1,K147N,ORF1a:T2068P,0.30041,880,-9.6687,8538,9.9691,0.03656,-0.008214,0.03312
BF.11.4,BF.11,2022-10-16,1,S704L,,-8.8726,406,-9.6687,8538,0.79607,-0.05457,0.2691,0.07445
BF.12,BA.5.2.1,2022-07-27,1,V486I,,-25.49,965,-23.001,262683,-2.4884,-0.01419999999999999,0.17770000000000002,-0.06232
BF.13,BA.5.2.1,2022-08-15,1,R346S,ORF1a:K2589R; ORF1b:K1957R,-15.098,2416,-23.001,262683,7.9033,0.55747,0.08592,0.039319999999999994
BF.14,BA.5.2.1,2022-08-16,1,N450D,ORF1b:H1087Y,-11.691,6704,-23.001,262683,11.31,0.2437,-0.08877,0.008255
BF.15,BA.5.2.1,2022-08-21,1,Y248H,ORF6:P57L,-19.701,686,-23.001,262683,3.2997,-0.02197,0.036,-0.1426
BF.16,BA.5.2.1,2022-08-23,1,K444R,,-18.257,576,-23.001,262683,4.7438,-0.02104,0.04488,-0.05194
BF.23,BA.5.2.1,2022-09-15,1,A1020S,ORF1a:L1507F,-25.692,315,-23.001,262683,-2.6908,-1.65e-05,-0.007372,-0.006085
BF.24,BA.5.2.1,2022-09-19,1,A1020S,ORF1a:G638C,-26.27,721,-23.001,262683,-3.2693,-1.65e-05,-0.007372,-0.006085
BF.25,BA.5.2.1,2022-09-22,1,V445A,,-14.027,1143,-23.001,262683,8.9736,0.22298,-0.64185,-0.12633
BF.31.1,BF.31,2022-11-01,3,Y248N; A701V; S247-,,-9.0555,594,-21.821,806,12.766,-0.23163599999999998,0.13496450000000002,-0.014179999999999998
BF.32,BA.5.2.1,2022-11-01,1,N450D,N:-33F; ORF9b:-29I; ORF1a:T1552N; ORF1b:G662S; ORF9b:V30L; N:G30-; ORF9b:M26-,-9.477,630,-23.001,262683,13.524,0.2437,-0.08877,0.008255
BF.37,BA.5.2.1,2023-02-11,1,G446D,N:-33F; ORF9b:-29I; ORF1a:S944L; ORF9b:V30L; N:G30-; ORF9b:M26-,-11.808,351,-23.001,262683,11.194,0.28755,-0.11259999999999998,0.2962
BF.38.1,BF.38,2023-02-11,1,Q1201K,,-11.78,236,-21.744,1551,9.9638,0.008021,-0.1615,0.002765
BF.39,BA.5.2.1,2023-02-11,1,G181V,,-21.062,1758,-23.001,262683,1.9387,0.09074,-0.3175,0.006275
BF.40,BA.5.2.1,2023-02-11,1,V445A,N:-33F; ORF9b:-29I; ORF9b:V30L; N:G30-; ORF9b:M26-,-20.346,435,-23.001,262683,2.6555,0.22298,-0.64185,-0.12633
BF.41.1,BF.41,2023-02-11,1,R346T,ORF1a:A138V; ORF1a:V3560I,-7.0775,219,-24.868,639,17.79,0.5182,-0.06408,0.08635
BA.5.2.4,BA.5.2,2022-07-01,1,T547I,,-26.179,732,-21.79,252165,-4.3894,0.03809,-0.2494,-0.02672
BA.5.2.6,BA.5.2,2022-08-21,1,R346T,ORF1b:T1050N,-7.908,16349,-21.79,252165,13.882,0.5182,-0.06408,0.08635
CP.7,BA.5.2.6,2023-03-02,1,N703Y,E:I9T; ORF1a:Y182H; ORF3a:I47V; ORF7a:E41D; ORF8:R52I,0.53166,306,-7.908,16349,8.4397,-0.02669,0.3709,0.03777
BA.5.2.7,BA.5.2,2022-08-21,1,K444M,ORF1a:M598T; ORF1b:T1050N,-14.573,2291,-21.79,252165,7.2168,0.1568,-0.03545,0.0321
CY.2,BA.5.2.7,2023-02-28,1,T1066N,N:P20S; ORF1a:I2490S,-8.2047,303,-14.573,2291,6.3681,0.00955,-0.1056,0.109
BA.5.2.13,BA.5.2,2022-09-06,1,R346T,ORF1a:I4291V; ORF1b:T1050N,-8.4192,3254,-21.79,252165,13.37,0.5182,-0.06408,0.08635
BA.5.2.14,BA.5.2,2022-09-06,2,W64L; K444M,ORF1a:T2152I; ORF1b:T1050N,-10.07,631,-21.79,252165,11.72,0.13426,-0.028584000000000002,0.038849999999999996
BU.3,BA.5.2.16,2022-10-23,2,K147N; N450D,ORF1a:I1232T; ORF3a:T89I,-5.7576,385,-23.094,1626,17.336,0.28026,-0.096984,0.041374999999999995
CR.1.1,CR.1,2022-11-02,1,V62I,ORF1a:T1001I,-1.6665,847,-1.0813,650,-0.5852,-0.04537,0.0511,-0.01978
BV.1,BA.5.2.20,2022-09-18,2,P251H; R1014K,,-17.576,225,-19.685,21914,2.1093,0.038968,-0.17662999999999998,0.03432999999999999
CN.1,BA.5.2.21,2022-10-12,1,N450D,,-7.296,742,-21.598,9940,14.302,0.2437,-0.08877,0.008255
CN.2,BA.5.2.21,2022-12-15,2,Y28H; R346T,,-6.7548,496,-21.598,9940,14.843,0.509802,-0.03593,0.04615
BA.5.2.23,BA.5.2,2022-09-20,2,S255F; V445A,,-9.7498,2031,-21.79,252165,12.04,0.20169,-0.7290000000000001,-0.0514
BA.5.2.24,BA.5.2,2022-09-22,1,K444N,ORF1b:T1050N,-15.496,1164,-21.79,252165,6.2941,0.009039,-0.02242,0.00974
CK.1,BA.5.2.24,2022-10-11,1,N460K,,0.62956,1543,-15.496,1164,16.125,1.199,-0.008275,0.1993
CK.2.1.1,CK.2.1,2022-10-20,1,S255F,ORF1a:V710I; ORF1a:G3578D,-3.1645,1786,-0.7314,550,-2.4331,-0.02129,-0.08715,0.07493
DG.1,CK.2.1.1,2022-11-09,1,G252S,,-0.85807,264,-3.1645,1786,2.3064,-0.068184,-0.21263,0.12097999999999999
CK.3,BA.5.2.24,2022-11-14,1,N460K,ORF7a:T39I,-0.98353,592,-15.496,1164,14.512,1.199,-0.008275,0.1993
BA.5.2.25,BA.5.2,2022-09-25,1,K444T,ORF1b:T1050N,-10.399,1080,-21.79,252165,11.391,0.09751,-0.3462,0.1281
DB.1,BA.5.2.25,2022-11-04,2,R346T; N460K,,4.8983,575,-10.399,1080,15.297,1.7172,-0.072355,0.28565
CG.1,BA.5.2.26,2022-10-03,1,K444M,ORF1a:S1520F,-15.038,587,-21.398,4306,6.3605,0.1568,-0.03545,0.0321
BA.5.2.30,BA.5.2,2022-09-30,1,G446D,ORF1b:T1050N,-16.402,291,-21.79,252165,5.3872,0.28755,-0.11259999999999998,0.2962
BA.5.2.31,BA.5.2,2022-09-30,1,L84I,ORF1b:T1050N,-19.041,1458,-21.79,252165,2.7482,0.107,-0.2812,0.07751
BA.5.2.32,BA.5.2,2022-09-30,1,N450D,ORF1b:T1050N; ORF8:T87I,-8.436,399,-21.79,252165,13.354,0.2437,-0.08877,0.008255
CE.1,BA.5.2.33,2022-09-30,1,R346I,,-12.389,344,-18.366,1528,5.9771,0.53211,-0.20678,0.13884
BA.5.2.34,BA.5.2,2022-10-12,1,R346T,ORF1b:T1050N; ORF1b:V1538L,-7.3623,4580,-21.79,252165,14.427,0.5182,-0.06408,0.08635
BA.5.2.35,BA.5.2,2022-10-13,1,R346T,ORF1b:T1050N; ORF9b:R47P,-5.7366,3460,-21.79,252165,16.053,0.5182,-0.06408,0.08635
BA.5.2.36,BA.5.2,2022-10-15,1,K444T,ORF1b:T1050N,-9.6335,587,-21.79,252165,12.156,0.09751,-0.3462,0.1281
BA.5.2.37,BA.5.2,2022-10-17,1,Y145H,ORF1b:T1050N,-16.746,286,-21.79,252165,5.0441,-0.08488,-0.07198,0.02601
BA.5.2.43,BA.5.2,2022-11-26,2,G446D; N460K,ORF1a:A1679V; ORF1b:T1050N,-1.5593,1520,-21.79,252165,20.23,1.48655,-0.12087499999999998,0.49550000000000005
BA.5.2.47,BA.5.2,2023-01-01,1,R346T,ORF1b:T1050N,-7.1303,1424,-21.79,252165,14.659,0.5182,-0.06408,0.08635
DQ.1,BA.5.2.47,2023-01-01,1,K147N,,-1.6698,435,-7.1303,1424,5.4605,0.03656,-0.008214,0.03312
DY.1,BA.5.2.48,2023-01-28,1,A570S,,0.29174,1811,-0.46265,2135,0.75439,-0.033,0.009861,0.09871
BA.5.2.49,BA.5.2,2023-01-09,1,T883I,ORF1b:S997P; ORF1b:T1050N,-5.3547,819,-21.79,252165,16.435,0.07632,-0.1625,-0.1008
DZ.2,BA.5.2.49,2023-01-31,1,G75V,,-3.9656,213,-5.3547,819,1.389,-0.02153,0.09621,0.01973
BA.5.2.52,BA.5.2,2023-02-11,1,N450D,ORF1a:D2060N; ORF1b:T1050N,-8.0797,474,-21.79,252165,13.71,0.2437,-0.08877,0.008255
BA.5.2.53,BA.5.2,2023-02-11,1,A653V,ORF1b:T1050N,-14.936,609,-21.79,252165,6.8535,0.08305,-0.269,-0.2831
BA.5.2.54,BA.5.2,2023-02-11,1,N450D,ORF1b:T1050N,-8.4889,221,-21.79,252165,13.301,0.2437,-0.08877,0.008255
BA.5.2.56,BA.5.2,2023-02-11,1,K444M,ORF1b:T1050N,-12.566,445,-21.79,252165,9.2232,0.1568,-0.03545,0.0321
BA.5.2.57,BA.5.2,2023-02-11,1,R346S,ORF1b:T1050N,-9.7108,1846,-21.79,252165,12.079,0.55747,0.08592,0.039319999999999994
BA.5.2.58,BA.5.2,2023-02-11,1,R346S,ORF1b:T1050N,-9.648,835,-21.79,252165,12.142,0.55747,0.08592,0.039319999999999994
BA.5.2.60,BA.5.2,2023-02-12,1,N450D,ORF1a:K3832R; ORF1b:T1050N; ORF1b:P1727L,-6.3832,324,-21.79,252165,15.406,0.2437,-0.08877,0.008255
BA.5.2.62,BA.5.2,2023-02-12,1,A653V,ORF1b:T1050N,-15.383,675,-21.79,252165,6.4071,0.08305,-0.269,-0.2831
BE.1.1.1,BE.1.1,2022-08-24,1,K444T,ORF9b:S10F,-15.228,1949,-27.018,53435,11.79,0.09751,-0.3462,0.1281
BQ.1,BE.1.1.1,2022-09-02,1,N460K,ORF1b:Y264H,-1.5529,43059,-15.228,1949,13.675,1.199,-0.008275,0.1993
BQ.1.1,BQ.1,2022-09-09,1,R346T,ORF1b:N1191S,2.0464,144765,-1.5529,43059,3.5993,0.5182,-0.06408,0.08635
CZ.2,BQ.1.1.1,2023-02-11,1,A688V,,2.2793,467,1.4203,4403,0.85897,-0.001798,-0.05044,-0.08399
BQ.1.1.2,BQ.1.1,2022-10-19,1,D253G,ORF7a:A13T,7.0249,2349,2.0464,144765,4.9785,-0.2303,-0.1234,-0.1294
DU.1,BQ.1.1.2,2023-01-12,1,E1144Q,,17.003,991,7.0249,2349,9.9778,-0.01952,0.1014,0.1517
DR.2,BQ.1.1.3,2023-03-22,1,K478R,,4.8204,413,1.5043,6012,3.3161,0.02994,-0.09573,0.03784
EE.4,BQ.1.1.4,2023-02-12,1,Q52H,,8.1461,201,1.3602,9159,6.7859,-0.0722,0.1697,0.07384
EE.5,BQ.1.1.4,2023-02-12,1,N185Y,,3.5902,457,1.3602,9159,2.23,-0.03827,-0.1525,-0.03147
DN.1,BQ.1.1.5,2022-12-22,1,K147N,,9.91,507,1.2268,5033,8.6832,0.03656,-0.008214,0.03312
DP.1,BQ.1.1.8,2022-12-24,1,A352S,,0.99183,2192,2.9474,237,-1.9556,0.1047,0.08288,-0.03815
BQ.1.1.11,BQ.1.1,2022-10-21,1,S494P,,1.6444,920,2.0464,144765,-0.40203,0.1206,0.2635,0.06785
EF.1.1.1,EF.1.1,2023-02-12,1,F157L,,15.183,281,7.7354,2070,7.4477,0.04657,0.2894,-0.107
EY.1,EF.1.1.1,2023-03-21,1,Q613H,,23.357,355,15.183,281,8.1744,-0.01907,-0.4249,0.1315
BQ.1.1.26,BQ.1.1,2022-12-01,1,E471Q,ORF3a:Y107C,6.4744,245,2.0464,144765,4.428,0.3125,-0.3085,-0.04541
BQ.1.1.27,BQ.1.1,2022-12-02,1,G181R,ORF1a:F2864L,1.1463,457,2.0464,144765,-0.90006,0.05612,0.1072,0.00935
BQ.1.1.28,BQ.1.1,2022-12-04,1,P251L,ORF1b:P976S,4.166,1006,2.0464,144765,2.1196,-0.08543,-0.03684,0.00058
BQ.1.1.29,BQ.1.1,2022-12-22,1,Q613H,ORF1a:A2529T,8.6221,694,2.0464,144765,6.5757,-0.01907,-0.4249,0.1315
BQ.1.1.30,BQ.1.1,2022-12-22,1,V445A,,5.549,203,2.0464,144765,3.5026,0.22298,-0.64185,-0.12633
BQ.1.1.31,BQ.1.1,2022-12-24,1,S256L,,5.3997,1413,2.0464,144765,3.3533,0.04573,0.06369,0.1092
DT.2,BQ.1.1.32,2023-02-03,1,T547K,,14.089,1058,9.6104,2895,4.479,-0.03492,-0.1606,0.07811
BQ.1.1.35,BQ.1.1,2023-01-14,1,K147E,ORF1a:A1812T,10.647,1032,2.0464,144765,8.6007,0.01638,-0.1778,0.01264
ET.1,BQ.1.1.35,2023-03-16,1,K182N,,15.278,237,10.647,1032,4.6306,-0.0323,-0.02203,0.08785
BQ.1.1.36,BQ.1.1,2023-01-14,1,T883I,,6.943,766,2.0464,144765,4.8966,0.07632,-0.1625,-0.1008
BQ.1.1.38,BQ.1.1,2023-01-24,2,P251L; N856S,,9.3406,268,2.0464,144765,7.2942,-0.23633,0.23356,0.09418
EW.1,BQ.1.1.38,2023-03-21,1,K478R,,10.948,279,9.3406,268,1.6071,0.02994,-0.09573,0.03784
EW.2,BQ.1.1.38,2023-03-21,1,A701V,ORF1b:N2079S,8.8889,237,9.3406,268,-0.45174,0.004834,-0.0089,0.02643
BQ.1.1.39,BQ.1.1,2023-01-27,4,K182E; Q218H; P251L; P1162L,,13.621,318,2.0464,144765,11.575,-0.15874,-0.10591200000000002,0.011303
BQ.1.1.41,BQ.1.1,2023-01-28,1,K182I,ORF1a:A2529V,5.9271,1969,2.0464,144765,3.8807,-0.04052,0.00549,0.01538
BQ.1.1.43,BQ.1.1,2023-01-28,1,Q613H,ORF8:F6S,10.315,410,2.0464,144765,8.2685,-0.01907,-0.4249,0.1315
BQ.1.1.44,BQ.1.1,2023-01-28,1,D253G,,6.9011,577,2.0464,144765,4.8547,-0.2303,-0.1234,-0.1294
BQ.1.1.45,BQ.1.1,2023-01-28,1,Y248D,,18.018,2373,2.0464,144765,15.971,0.008033,-0.07302,-0.1408
BQ.1.1.47,BQ.1.1,2023-01-28,1,K147I,ORF1a:V3197M,10.415,930,2.0464,144765,8.369,-0.06132,0.1232,0.03518
BQ.1.1.48,BQ.1.1,2023-01-30,1,H245N,,14.814,239,2.0464,144765,12.767,0.002329,0.1891,0.02504
BQ.1.1.53,BQ.1.1,2023-02-11,1,N185D,,8.2845,500,2.0464,144765,6.2381,0.01641,0.009138,0.04636
BQ.1.1.54,BQ.1.1,2023-02-11,1,F186S,N:A211T,7.5416,427,2.0464,144765,5.4952,0.02525,0.06059,-0.01184
BQ.1.1.56,BQ.1.1,2023-02-11,1,H1101Y,,3.7021,396,2.0464,144765,1.6557,-0.008313,0.01073,-0.04048
BQ.1.1.57,BQ.1.1,2023-02-11,1,S256A,,3.6403,468,2.0464,144765,1.5939,-0.0899,0.01666,-0.323
BQ.1.1.60,BQ.1.1,2023-02-11,1,S691F,ORF8:V62L,1.9952,559,2.0464,144765,-0.051215,0.05841,-0.02621,-0.1505
BQ.1.1.63,BQ.1.1,2023-02-11,1,Y248H,ORF1b:V1852I,16.516,579,2.0464,144765,14.469,-0.02197,0.036,-0.1426
BQ.1.1.65,BQ.1.1,2023-02-11,1,K147I,N:T135I,14.895,593,2.0464,144765,12.849,-0.06132,0.1232,0.03518
ES.1,BQ.1.1.65,2023-03-09,1,Q52R,,16.301,273,14.895,593,1.4058,0.02627,-0.1715,0.1181
BQ.1.1.66,BQ.1.1,2023-02-11,1,K147N,,8.6239,353,2.0464,144765,6.5775,0.03656,-0.008214,0.03312
BQ.1.1.67,BQ.1.1,2023-02-11,1,L176F,ORF1a:T1881I; ORF1a:T2154I,1.0946,1362,2.0464,144765,-0.95177,0.0196,0.03004,0.07663
BQ.1.1.79,BQ.1.1,2023-06-28,1,Q613H,,17.319,378,2.0464,144765,15.272,-0.01907,-0.4249,0.1315
BQ.1.4,BQ.1,2022-10-03,1,R190T,N:H300Q; ORF1a:V2665I,-2.6644,413,-1.5529,43059,-1.1115,0.05196,0.01413,-0.0536
BQ.1.8.2,BQ.1.8,2022-10-15,1,A688V,,-1.0871,831,-0.85863,5572,-0.22846,-0.001798,-0.05044,-0.08399
BQ.1.9,BQ.1,2022-10-11,1,R346T,ORF1a:V2604I,6.1624,227,-1.5529,43059,7.7154,0.5182,-0.06408,0.08635
BQ.1.10.1,BQ.1.10,2022-10-15,1,H146L,ORF1a:E352A,0.86881,1893,0.68701,6102,0.1818,-0.10689,-0.05086,-0.07847
EC.1,BQ.1.10.1,2023-02-11,1,Q613H,,7.9876,208,0.86881,1893,7.1188,-0.01907,-0.4249,0.1315
BQ.1.10.2,BQ.1.10,2023-02-11,1,T523N,ORF1a:E352A,5.1766,324,0.68701,6102,4.4896,-0.3072,0.8077,-0.2552
BQ.1.10.3,BQ.1.10,2023-02-11,1,K147E,ORF3a:K16E,2.1155,657,0.68701,6102,1.4285,0.01638,-0.1778,0.01264
BQ.1.22,BQ.1,2022-11-02,1,R346T,ORF1b:N1191S,5.9253,872,-1.5529,43059,7.4782,0.5182,-0.06408,0.08635
BQ.1.24,BQ.1,2022-11-04,2,T240I; R346T,ORF8:V32L,9.1593,959,-1.5529,43059,10.712,0.46837,0.05532000000000001,0.07859
BQ.1.25,BQ.1,2022-11-05,1,R346T,,6.1335,521,-1.5529,43059,7.6864,0.5182,-0.06408,0.08635
BQ.1.25.1,BQ.1.25,2022-12-21,1,L858I,ORF3a:A54V,7.2033,3098,6.1335,521,1.0698,-0.01156,-0.4747,0.158
BQ.1.30,BQ.1,2023-02-11,1,V445A,,4.1077,322,-1.5529,43059,5.6607,0.22298,-0.64185,-0.12633
BQ.1.31,BQ.1,2023-02-11,1,K147E,,4.967,361,-1.5529,43059,6.52,0.01638,-0.1778,0.01264
CC.1,BE.1.1.2,2022-09-30,1,N450D,ORF1a:K1202N,-13.274,244,-21.755,5676,8.4814,0.2437,-0.08877,0.008255
BE.1.2,BE.1,2022-08-10,1,R346T,,-15.451,1253,-27.738,25509,12.287,0.5182,-0.06408,0.08635
BE.1.2.1,BE.1.2,2022-09-21,1,V445A,ORF1a:F678L,-7.1306,1943,-15.451,1253,8.3208,0.22298,-0.64185,-0.12633
BE.1.4.1,BE.1.4,2022-10-16,1,A701V,,-23.172,366,-25.886,2712,2.7143,0.004834,-0.0089,0.02643
BE.1.4.2,BE.1.4,2022-10-16,1,R346T,ORF9b:S10F; ORF1a:I3341T; ORF1b:K2557R; ORF8:P93T,-8.1192,435,-25.886,2712,17.767,0.5182,-0.06408,0.08635
BE.4.1,BE.4,2022-09-30,2,P209L; R346T,ORF1a:T1168I,-10.33,654,-24.523,2444,14.193,0.44832,-0.17018,0.10575999999999999
BE.4.1.1,BE.4.1,2022-09-30,1,K444R,,-5.7667,206,-10.33,654,4.5631,-0.02104,0.04488,-0.05194
BE.4.2,BE.4,2022-10-11,2,K444N; N460K,ORF9b:A57V,-1.6911,440,-24.523,2444,22.831,1.208039,-0.030695,0.20904
BE.6,BA.5.3.1,2022-11-04,1,R346S,ORF1a:M85-,-7.3812,313,-22.08,5405,14.699,0.55747,0.08592,0.039319999999999994
BE.7,BA.5.3.1,2022-11-04,1,R346T,ORF1a:M85-; ORF7a:T39-; ORF7a:Y40-; ORF7a:E41-; ORF7a:G42-; ORF7a:N43-; ORF7a:S44-; ORF7a:P45-; ORF7a:F46-; ORF7a:H47-; ORF7a:P48-; ORF7a:L49-; ORF7a:A50-; ORF7a:D51-; ORF7a:N52-; ORF7a:K53-; ORF7a:F54-; ORF7a:A55-; ORF7a:L56-; ORF7a:T57-; ORF7a:C58-; ORF7a:F59-; ORF7a:S60-; ORF7a:T61-; ORF7a:Q62-; ORF7a:F63-; ORF7a:A64-; ORF7a:F65-; ORF7a:A66-; ORF7a:C67-; ORF7a:P68-; ORF7a:D69-; ORF7a:G70-; ORF7a:V71-; ORF7a:K72-; ORF7a:H73-; ORF7a:V74-; ORF7a:Y75-; ORF7a:Q76-; ORF7a:L77-; ORF7a:R78-; ORF7a:A79-; ORF7a:R80-; ORF7a:S81-; ORF7a:V82-; ORF7a:S83-; ORF7a:P84-; ORF7a:K85-; ORF7a:L86-; ORF7a:F87-; ORF7a:I88-; ORF7a:R89-; ORF7a:Q90-; ORF7a:E91-; ORF7a:E92-; ORF7a:V93-; ORF7a:Q94-; ORF7a:E95-; ORF7a:L96-; ORF7a:Y97-; ORF7a:S98-; ORF7a:P99-; ORF7a:I100-; ORF7a:F101-; ORF7a:L102-; ORF7a:I103-; ORF7a:V104-; ORF7a:A105-; ORF7a:A106-; ORF7a:I107-; ORF7a:V108-; ORF7a:F109-; ORF7a:I110-; ORF7a:T111-; ORF7a:L112-; ORF7a:C113-; ORF7a:F114-; ORF7a:T115-; ORF7a:L116-; ORF7a:K117-; ORF7a:R118-,-3.3986,541,-22.08,5405,18.681,0.5182,-0.06408,0.08635
BE.8,BA.5.3.1,2022-11-04,1,R346T,ORF3a:P240S; ORF7a:K119*; ORF1a:M85-; ORF7a:Y40-; ORF7a:E41-; ORF7a:G42-; ORF7a:N43-; ORF7a:S44-; ORF7a:P45-; ORF7a:F46-; ORF7a:H47-; ORF7a:P48-; ORF7a:L49-; ORF7a:A50-; ORF7a:D51-; ORF7a:N52-; ORF7a:K53-; ORF7a:F54-; ORF7a:A55-; ORF7a:L56-; ORF7a:T57-; ORF7a:C58-; ORF7a:F59-; ORF7a:S60-; ORF7a:T61-; ORF7a:Q62-; ORF7a:F63-; ORF7a:A64-; ORF7a:F65-; ORF7a:A66-; ORF7a:C67-; ORF7a:P68-; ORF7a:D69-; ORF7a:G70-; ORF7a:V71-; ORF7a:K72-; ORF7a:H73-; ORF7a:V74-; ORF7a:Y75-; ORF7a:Q76-; ORF7a:L77-; ORF7a:R78-; ORF7a:A79-; ORF7a:R80-; ORF7a:S81-; ORF7a:V82-; ORF7a:S83-; ORF7a:P84-; ORF7a:K85-; ORF7a:L86-; ORF7a:F87-; ORF7a:I88-; ORF7a:R89-; ORF7a:Q90-; ORF7a:E91-; ORF7a:E92-; ORF7a:V93-; ORF7a:Q94-; ORF7a:E95-; ORF7a:L96-; ORF7a:Y97-; ORF7a:S98-; ORF7a:P99-; ORF7a:I100-; ORF7a:F101-; ORF7a:L102-; ORF7a:I103-; ORF7a:V104-; ORF7a:A105-; ORF7a:A106-; ORF7a:I107-; ORF7a:V108-; ORF7a:F109-; ORF7a:I110-; ORF7a:T111-; ORF7a:L112-; ORF7a:C113-; ORF7a:F114-; ORF7a:T115-; ORF7a:L116-; ORF7a:K117-; ORF7a:R118-,-4.4246,291,-22.08,5405,17.655,0.5182,-0.06408,0.08635
BE.10,BA.5.3.1,2022-12-15,2,K444T; N460K,ORF1a:S74L; ORF1a:S2822F; ORF1a:M3911T,-0.9756,1899,-22.08,5405,21.104,1.29651,-0.354475,0.3274
BA.5.3.5,BA.5.3,2022-10-07,1,R346T,ORF1a:G82-; ORF1a:H83-; ORF1a:V84-; ORF1a:M85-; ORF1a:V86-; ORF7a:A55-; ORF7a:L56-; ORF7a:T57-; ORF7a:C58-; ORF7a:F59-; ORF7a:S60-; ORF7a:T61-; ORF7a:Q62-; ORF7a:F63-; ORF7a:A64-; ORF7a:F65-; ORF7a:A66-; ORF7a:C67-; ORF7a:P68-; ORF7a:D69-; ORF7a:G70-; ORF7a:V71-,-3.0106,588,-42.349,3494,39.339,0.5182,-0.06408,0.08635
BA.5.5,BA.5,2022-06-06,1,T76I,,-31.283,52689,-24.143,18002,-7.14,0.007737,-0.04275,0.00272
BA.5.5.1,BA.5.5,2022-08-16,1,N450D,ORF8:V62L,-16.828,3116,-31.283,52689,14.455,0.2437,-0.08877,0.008255
BA.5.6.2,BA.5.6,2022-08-15,1,K444T,,-20.266,1113,-27.252,36510,6.9862,0.09751,-0.3462,0.1281
BW.1,BA.5.6.2,2022-09-18,1,N460K,ORF1a:V627I,-4.9499,737,-20.266,1113,15.316,1.199,-0.008275,0.1993
BA.5.6.3,BA.5.6,2022-10-11,1,R346T,ORF1b:M1839I,-12.86,217,-27.252,36510,14.393,0.5182,-0.06408,0.08635
BA.5.8,BA.5,2022-07-24,1,P1162L,ORF1a:M2096L; ORF1b:V1271L; ORF1b:T2376I,-30.522,5635,-24.143,18002,-6.3791,-0.02587,0.08266,-0.02189
BA.5.9,BA.5,2022-07-24,1,R346I,ORF1a:T3750I,-17.379,7293,-24.143,18002,6.764,0.53211,-0.20678,0.13884
DF.1.1,DF.1,2023-01-01,1,V445A,ORF8:A51V,3.9214,628,-4.0336,897,7.9551,0.22298,-0.64185,-0.12633
BA.5.11,BA.5,2022-11-04,1,R346T,ORF7a:S44P; ORF7a:E95G; ORF1a:G82-; ORF1a:H83-; ORF1a:V84-; ORF1a:M85-; ORF1a:V86-; ORF7a:E92-; ORF7a:V93-; ORF7a:Q94-,3.1078,2738,-24.143,18002,27.25,0.5182,-0.06408,0.08635
XBB.1,XBB,2022-10-03,1,G252V,,1.2048,17510,-0.93671,1650,2.1415,-0.0716,0.02517,-0.03082
XBB.1.4,XBB.1,2022-11-06,1,T883I,ORF8:G8*,5.1684,519,1.2048,17510,3.9637,0.07632,-0.1625,-0.1008
XBB.1.4.1,XBB.1.4,2022-11-25,1,S673G,,3.3761,1455,5.1684,519,-1.7923,0.01171,0.3172,-0.7797
XBB.1.5,XBB.1,2022-11-08,1,S486P,ORF8:G8*,25.309,156404,1.2048,17510,24.104,0.2269,0.5783,0.247
XBB.1.5.1,XBB.1.5,2023-01-28,1,T573I,,29.247,3285,25.309,156404,3.9384,-0.02976,-0.07144,0.07914
XBB.1.5.2,XBB.1.5,2023-01-29,2,K147I; T284I,,27.317,975,25.309,156404,2.008,-0.02996,-0.2448,0.011030000000000002
XBB.1.5.3,XBB.1.5,2023-01-29,1,A411S,,25.712,330,25.309,156404,0.40348,-0.006861,0.01833,-0.2186
XBB.1.5.4,XBB.1.5,2023-02-10,1,T883I,,29.901,2023,25.309,156404,4.5923,0.07632,-0.1625,-0.1008
XBB.1.5.5,XBB.1.5,2023-02-10,1,K1181I,ORF1a:S2246L,29.693,1054,25.309,156404,4.3847,-0.003512,0.04976,-0.1511
XBB.1.5.6,XBB.1.5,2023-02-10,1,V952I,,23.16,280,25.309,156404,-2.1492,-0.07848,0.1573,0.06078
EM.1,XBB.1.5.7,2023-02-26,1,R214L,,24.581,598,24.667,6252,-0.086334,0.05816,-0.08279,-0.1346
XBB.1.5.10,XBB.1.5,2023-02-10,1,F456L,ORF1b:A1643V,37.889,2176,25.309,156404,12.58,0.2001,-0.3013,-0.02328
XBB.1.5.12,XBB.1.5,2023-02-19,1,T323I,,28.775,2303,25.309,156404,3.4665,-0.137,-0.1482,-0.257
EK.2,XBB.1.5.13,2023-02-26,1,T259I,ORF1a:L3829F,25.841,403,25.821,6375,0.020144,-0.01375,-0.1702,0.06108
EK.3,XBB.1.5.13,2023-03-22,1,P251S,,25.266,231,25.821,6375,-0.55534,-0.1013,-0.2165,-0.001705
EL.1,XBB.1.5.14,2023-02-21,1,Q675H,,27.606,1201,24.504,911,3.1022,-0.001338,-0.1003,-0.3333
FD.2,XBB.1.5.15,2023-03-27,1,Q146K,ORF1a:G519S,26.365,2569,26.147,4535,0.21796,-0.06804,-0.02033,0.05065
FD.3,XBB.1.5.15,2023-05-03,1,A348S,,28.111,223,26.147,4535,1.9646,0.2003,-0.1663,0.005438
FG.2,XBB.1.5.16,2023-03-24,1,D178N,,27.292,296,25.222,2089,2.0707,0.01579,0.02056,-0.03643
FG.3,XBB.1.5.16,2023-03-24,1,I934V,,28.537,208,25.222,2089,3.3149,0.02419,-0.2596,0.07747
FH.1,XBB.1.5.17,2023-03-27,1,T883I,,30.034,343,25.334,3049,4.6999,0.07632,-0.1625,-0.1008
XBB.1.5.22,XBB.1.5,2023-03-18,1,Q146K,ORF1a:E1498A,20.179,314,25.309,156404,-5.1299,-0.06804,-0.02033,0.05065
GF.1,XBB.1.5.24,2023-05-23,1,E748V,,38.836,1193,28.268,3234,10.569,0.07404,-0.4767,0.06399
XBB.1.5.25,XBB.1.5,2023-03-18,1,K97T,,25.8,661,25.309,156404,0.4916,0.1069,-0.08113,-0.01326
XBB.1.5.27,XBB.1.5,2023-03-22,1,K478R,ORF1a:E1015G,32.11,318,25.309,156404,6.8013,0.02994,-0.09573,0.03784
XBB.1.5.28,XBB.1.5,2023-03-22,1,K478R,,35.073,761,25.309,156404,9.7643,0.02994,-0.09573,0.03784
XBB.1.5.30,XBB.1.5,2023-03-22,1,A348T,,30.41,808,25.309,156404,5.1011,0.008368,-0.01643,0.04135
XBB.1.5.35,XBB.1.5,2023-03-24,1,N978S,,28.962,1292,25.309,156404,3.6532,-0.1159,-0.1391,-0.1005
XBB.1.5.37,XBB.1.5,2023-03-27,1,K1045R,,33.532,3551,25.309,156404,8.2236,0.05959,-0.1069,-0.06603
XBB.1.5.44,XBB.1.5,2023-04-23,2,K356T; T572I,ORF3a:S92L,39.849,231,25.309,156404,14.54,0.044800000000000006,0.05359999999999998,0.018600000000000005
GB.1,XBB.1.5.46,2023-05-06,1,L518V,ORF8:V62L; ORF9b:I5T,37.045,731,26.772,1594,10.273,0.02201,-0.3646,0.07188
GV.1,XBB.1.5.48,2023-06-20,1,K478R,ORF7b:F19L,40.3,339,24.754,2044,15.546,0.02994,-0.09573,0.03784
HT.1,XBB.1.5.49,2023-07-26,1,N148T,,33.094,298,30.792,3154,2.3014,-0.05211,0.07005,0.007075
HT.2,XBB.1.5.49,2023-07-26,1,T51I,,33.023,528,30.792,3154,2.2307,-0.01601,-0.07416,0.00951
XBB.1.5.50,XBB.1.5,2023-04-26,1,P621S,N:T49I; ORF1a:A2097V,29.064,591,25.309,156404,3.7555,-0.1209,-0.1898,0.01162
XBB.1.5.56,XBB.1.5,2023-05-05,1,A852S,,27.847,537,25.309,156404,2.538,-0.1249,0.2201,-0.0788
XBB.1.5.59,XBB.1.5,2023-05-06,1,F456L,ORF1a:S2822P,39.844,719,25.309,156404,14.536,0.2001,-0.3013,-0.02328
XBB.1.5.60,XBB.1.5,2023-05-06,1,M177I,ORF1a:T2106I,27.405,337,25.309,156404,2.0958,0.02606,0.04802,0.04632
XBB.1.5.70,XBB.1.5,2023-05-22,2,L455F; F456L,ORF1a:A4068S; ORF8:P38S,45.164,499,25.309,156404,19.855,0.3517,-1.2607,0.09792000000000001
GK.1,XBB.1.5.70,2023-06-06,1,S704L,ORF3a:T89I,49.444,652,45.164,499,4.2801,-0.05457,0.2691,0.07445
GK.1.1,GK.1,2023-07-13,1,T573I,,60.481,1205,49.444,652,11.037,-0.02976,-0.07144,0.07914
XBB.1.5.72,XBB.1.5,2023-05-31,1,F456L,ORF1a:G445S,45.745,1477,25.309,156404,20.436,0.2001,-0.3013,-0.02328
GN.1,XBB.1.5.73,2023-06-10,1,F456L,ORF1a:T3356I; ORF3a:G18V,47.775,513,33.259,1111,14.515,0.2001,-0.3013,-0.02328
XBB.1.5.90,XBB.1.5,2023-07-10,1,P621S,ORF1b:S2312L,31.053,359,25.309,156404,5.7441,-0.1209,-0.1898,0.01162
XBB.1.5.91,XBB.1.5,2023-07-10,1,P621S,,28.664,657,25.309,156404,3.3553,-0.1209,-0.1898,0.01162
XBB.1.5.94,XBB.1.5,2023-07-14,1,Q613H,,30.973,386,25.309,156404,5.6642,-0.01907,-0.4249,0.1315
HS.1,XBB.1.5.95,2023-07-26,1,K478R,,42.281,227,26.595,1376,15.686,0.02994,-0.09573,0.03784
XBB.1.5.97,XBB.1.5,2023-07-24,1,T941S,,31.391,409,25.309,156404,6.0824,-0.01727,-0.07001,0.0871
XBB.1.5.100,XBB.1.5,2023-08-02,1,V1122M,,31.147,597,25.309,156404,5.8383,0.01212,0.03866,-0.08652
HY.1,XBB.1.5.100,2023-08-02,1,K478R,,45.232,322,31.147,597,14.085,0.02994,-0.09573,0.03784
XBB.1.9.1,XBB.1.9,2023-01-09,1,S486P,,33.182,14817,8.7085,986,24.474,0.2269,0.5783,0.247
FL.1,XBB.1.9.1,2023-04-04,1,A701V,ORF1a:G993S,35.017,639,33.182,14817,1.8343,0.004834,-0.0089,0.02643
FL.1.5,FL.1,2023-06-06,1,F456L,ORF1b:K2557R,45.469,498,35.017,639,10.452,0.2001,-0.3013,-0.02328
FL.1.5.1,FL.1.5,2023-06-06,1,K478R,ORF1b:S2198I,58.532,4724,45.469,498,13.063,0.02994,-0.09573,0.03784
HN.1,FL.1.5.1,2023-07-24,1,A67S,,58.839,312,58.532,4724,0.3071,0.02924,-0.03832,0.02223
FL.4.2,FL.4,2023-05-23,1,V289I,ORF1a:T951I,38.851,256,34.437,6392,4.4142,-0.09312,-0.07623,-0.2024
FL.4.8,FL.4,2023-08-31,1,K478R,,43.367,209,34.437,6392,8.9304,0.02994,-0.09573,0.03784
FL.4.9,FL.4,2023-08-31,1,S254P,ORF3a:D173G,39.582,211,34.437,6392,5.1455,-0.000895,-0.04296,0.06217
FL.7,XBB.1.9.1,2023-05-06,1,T51I,,37.23,432,33.182,14817,4.0471,-0.01601,-0.07416,0.00951
FL.10.1,FL.10,2023-06-10,1,E554K,,48.456,1313,31.838,1335,16.618,0.08039,-0.1947,-0.0152
FL.13.1,FL.13,2023-05-23,1,A411S,ORF1a:P80S; ORF1a:T4249I,32.828,224,31.448,1253,1.3804,-0.006861,0.01833,-0.2186
FL.13.2,FL.13,2023-06-28,1,K356T,,51.915,225,31.448,1253,20.467,0.3649,-0.3785,-0.1362
FL.14,XBB.1.9.1,2023-05-23,1,V1122M,,39.424,718,33.182,14817,6.241,0.01212,0.03866,-0.08652
FL.15,XBB.1.9.1,2023-05-29,1,F456L,ORF1a:E637K,46.115,1359,33.182,14817,12.932,0.2001,-0.3013,-0.02328
FL.16,XBB.1.9.1,2023-05-30,1,D215V,,42.503,524,33.182,14817,9.3201,-0.08437,0.03181,-0.1983
FL.20,XBB.1.9.1,2023-06-29,2,Q52H; F456L,ORF1a:I2010V; ORF3a:L108F,54.641,544,33.182,14817,21.458,0.1279,-0.13160000000000002,0.05056000000000001
FL.24,XBB.1.9.1,2023-07-09,2,Q613H; A688V,ORF1b:I539V; ORF3a:N82S,47.562,420,33.182,14817,14.379,-0.020868,-0.47534,0.04751000000000001
FL.25,XBB.1.9.1,2023-07-10,1,E554K,,41.952,336,33.182,14817,8.7692,0.08039,-0.1947,-0.0152
XBB.1.9.2,XBB.1.9,2023-02-03,1,S486P,,33.376,6967,8.7085,986,24.668,0.2269,0.5783,0.247
EG.1,XBB.1.9.2,2023-02-19,1,Q613H,N:L219F,35.994,7614,33.376,6967,2.6183,-0.01907,-0.4249,0.1315
EG.1.5,EG.1,2023-06-30,1,S98F,,39.139,239,35.994,7614,3.1445,0.07626,-0.0602,-0.08941
EG.2,XBB.1.9.2,2023-04-04,1,K478R,,41.738,2159,33.376,6967,8.3618,0.02994,-0.09573,0.03784
HK.3,EG.5.1.1,2023-07-23,1,L455F,,77.369,2149,55.323,15781,22.046,0.1516,-0.9594,0.1212
HK.6,EG.5.1.1,2023-08-24,1,D253G,ORF1a:A1923T,60.487,646,55.323,15781,5.1639,-0.2303,-0.1234,-0.1294
JG.3,EG.5.1.3,2023-09-17,2,L455F; S704L,ORF1a:T2274I,77.12,215,57.225,4949,19.895,0.09703,-0.6903,0.19565
EG.5.1.6,EG.5.1,2023-07-23,1,F157L,ORF1a:S1857L,59.101,1193,52.548,9915,6.5528,0.04657,0.2894,-0.107
HV.1,EG.5.1.6,2023-08-02,1,L452R,,69.434,1645,59.101,1193,10.332,0.1816,0.1571,0.1286
EG.5.1.8,EG.5.1,2023-09-11,1,L455F,,76.764,207,52.548,9915,24.215,0.1516,-0.9594,0.1212
EG.5.2.1,EG.5.2,2023-07-25,1,S704L,ORF1a:H1113Y; ORF1a:N2155S; ORF3a:I118V,47.922,325,42.033,1032,5.8885,-0.05457,0.2691,0.07445
EG.7,XBB.1.9.2,2023-06-09,2,R403K; L513F,ORF1a:N2531S; ORF1b:A1662V,45.916,272,33.376,6967,12.54,-0.3993,0.5634,-0.16469
XBB.1.16,XBB.1,2023-03-05,3,K478R; S486P; E180V,ORF1a:L3829F; ORF1b:D1746Y; ORF8:G8*; ORF9b:I5T; ORF9b:N55S,40.14,25010,1.2048,17510,38.935,0.23031000000000001,0.56189,0.35935
XBB.1.16.1,XBB.1.16,2023-03-22,1,T547I,,39.853,8686,40.14,25010,-0.28681,0.03809,-0.2494,-0.02672
FU.2.1,FU.2,2023-06-20,1,E619Q,ORF1a:T2106N,48.024,870,44.171,1237,3.8529,-0.06871,-0.1867,-0.07397
GY.1,XBB.1.16.2,2023-06-26,1,L84I,ORF1a:A4068S,45.937,303,39.269,2303,6.6679,0.107,-0.2812,0.07751
XBB.1.16.4,XBB.1.16,2023-05-05,1,T678I,,35.786,364,40.14,25010,-4.3538,-0.07625,0.136,0.01428
XBB.1.16.6,XBB.1.16,2023-05-07,1,F456L,,54.575,4935,40.14,25010,14.434,0.2001,-0.3013,-0.02328
JF.1,XBB.1.16.6,2023-08-24,1,L455F,,68.161,340,54.575,4935,13.587,0.1516,-0.9594,0.1212
XBB.1.16.7,XBB.1.16,2023-05-25,1,T732I,ORF1a:Y1090H,42.283,502,40.14,25010,2.1428,-0.1187,0.3729,0.06165
XBB.1.16.8,XBB.1.16,2023-05-26,1,T732I,,43.519,600,40.14,25010,3.3787,-0.1187,0.3729,0.06165
XBB.1.16.9,XBB.1.16,2023-05-30,1,F456L,ORF1a:S2500F,50.803,652,40.14,25010,10.663,0.2001,-0.3013,-0.02328
XBB.1.16.11,XBB.1.16,2023-06-14,1,P521T,,52.576,2717,40.14,25010,12.435,-0.1098,-0.04532,-0.1188
XBB.1.16.12,XBB.1.16,2023-06-30,1,Q52H,,44.927,380,40.14,25010,4.7871,-0.0722,0.1697,0.07384
HF.1,XBB.1.16.13,2023-07-14,1,K304N,,51.645,2161,39.88,415,11.764,-0.03204,-0.3787,-0.09076
XBB.1.16.14,XBB.1.16,2023-07-10,1,L452Q,,49.022,294,40.14,25010,8.882,0.2096,0.197,-0.1389
XBB.1.16.15,XBB.1.16,2023-07-13,2,K147N; P521S,,56.993,1255,40.14,25010,16.853,0.08649000000000001,-0.333714,-0.06778
XBB.1.18.1,XBB.1.18,2023-03-18,1,S486P,,29.124,1264,12.408,327,16.716,0.2269,0.5783,0.247
FE.1,XBB.1.18.1,2023-03-22,1,F456L,ORF1a:S1133G; ORF3a:F207C,37.329,342,29.124,1264,8.2053,0.2001,-0.3013,-0.02328
HE.1,FE.1.1.1,2023-07-14,1,V622I,ORF8:A55V,37.843,215,38.505,287,-0.66214,0.1317,0.03887,0.03163
XBB.1.22,XBB.1,2023-03-19,1,S486P,ORF8:G8*; ORF9b:I5T,41.142,417,1.2048,17510,39.937,0.2269,0.5783,0.247
XBB.1.22.1,XBB.1.22,2023-03-19,1,Y200C,,40.95,881,41.142,417,-0.19221,0.3727,-0.6727,-0.07328
FY.2,XBB.1.22.1,2023-05-04,1,I197T,ORF1b:S997P,43.35,714,40.95,881,2.4,-0.0908,0.1005,0.01591
FY.2.1,FY.2,2023-07-23,1,A684V,ORF1a:T1874I,43.97,452,43.35,714,0.61973,-0.283,0.06389,-0.2468
FY.3.1,FY.3,2023-05-24,1,I210T,ORF1a:D1282Y; ORF1a:T1760I,47.898,1725,47.331,615,0.56681,-0.01894,-0.01793,0.06572
FY.5,XBB.1.22.1,2023-06-12,1,K478R,,47.425,708,40.95,881,6.4752,0.02994,-0.09573,0.03784
XBB.1.33,XBB.1,2023-04-18,3,A376T; S486P; K964E,ORF1a:T1665I; ORF1a:Q2486P; ORF1b:L1061I; ORF7a:Q76*; ORF8:Q72H; ORF1a:V84-; ORF1a:M85-,37.203,359,1.2048,17510,35.998,0.12279999999999996,0.42379999999999995,0.35333000000000003
XBB.1.42,XBB.1,2023-05-31,2,S486P; Q613H,ORF1a:T4175I; ORF8:G8*; ORF9b:I5T,41.4,447,1.2048,17510,40.196,0.20783,0.15340000000000004,0.3785
XBB.2,XBB,2022-10-15,1,D253G,,0.2068,1353,-0.93671,1650,1.1435,-0.2303,-0.1234,-0.1294
XBB.2.2,XBB.2,2022-12-22,1,Q613H,ORF3a:D155Y,2.5614,298,0.2068,1353,2.3546,-0.01907,-0.4249,0.1315
XBB.2.3,XBB.2,2023-01-31,2,S486P; P521S,ORF1b:P959S; ORF1a:G2091S; ORF7a:A13V,38.729,5190,0.2068,1353,38.523,0.27683,0.2528,0.1461
XBB.2.3.1,XBB.2.3,2023-03-24,1,D80Y,ORF1b:A241T; ORF7a:H47Y,32.528,330,38.729,5190,-6.2011,0.02413,-0.03,-0.08283
XBB.2.3.2,XBB.2.3,2023-03-24,1,G184V,ORF1a:R2159W,40.615,1983,38.729,5190,1.8859,-0.04363,0.1508,0.05378
HH.1.1,HH.1,2023-07-14,1,G181A,,42.291,225,41.271,2043,1.0194,-0.1198,0.1037,0.05609
XBB.2.3.3,XBB.2.3,2023-04-04,1,K182N,,41.949,1054,38.729,5190,3.2192,-0.0323,-0.02203,0.08785
GJ.4,XBB.2.3.3,2023-08-07,1,M153I,,44.335,202,41.949,1054,2.3859,-0.04363,0.05926,0.03275
GZ.1,XBB.2.3.4,2023-06-28,1,F186L,,46.204,208,36.567,246,9.637,0.01363,0.0003193,0.023
XBB.2.3.5,XBB.2.3,2023-04-12,1,K478N,,40.121,479,38.729,5190,1.3913,0.1104,-0.1795,0.08826
XBB.2.3.8,XBB.2.3,2023-05-01,1,K478R,ORF1a:A583V; ORF1a:L3829F,42.731,1877,38.729,5190,4.0019,0.02994,-0.09573,0.03784
GE.1.3,GE.1,2023-08-24,1,T732I,ORF1b:I1403V,47.469,237,51.373,1771,-3.9041,-0.1187,0.3729,0.06165
XBB.2.3.11,XBB.2.3,2023-05-07,1,K478R,,44.757,833,38.729,5190,6.0278,0.02994,-0.09573,0.03784
GS.1,XBB.2.3.11,2023-06-12,1,E213D,,44.2,382,44.757,833,-0.55713,0.07506,0.0634,0.07677
XBB.2.4,XBB.2,2023-02-03,1,S486P,,23.512,543,0.2068,1353,23.305,0.2269,0.5783,0.247
XBB.2.5,XBB.2,2023-02-19,1,Q613H,,9.2605,300,0.2068,1353,9.0537,-0.01907,-0.4249,0.1315
XBB.2.6.2,XBB.2.6,2023-06-01,1,I19L,,8.4191,264,6.3174,6504,2.1017,-0.06043,0.1969,-0.03896
XBB.3.2,XBB.3,2022-12-22,1,M177T,ORF8:S54L,0.70015,221,-3.0883,879,3.7884,0.1037,-0.3243,-0.05476
XBB.4,XBB,2022-10-20,1,K444R,ORF1a:G82D,-0.43899,245,-0.93671,1650,0.49772,-0.02104,0.04488,-0.05194
